,produto,preco-antigo,preco-atual,link
0,Smart Tv LG Ai Thinq 32lm621cbsb Led Hd 32  100v/240v,R$ 1.599,R$ 1.449,https://produto.mercadolivre.com.br/MLB-1697389880-smart-tv-lg-ai-thinq-32lm621cbsb-led-hd-32-100v240v-_JM?hide_psmb=true#reco_item_pos=0&reco_backend=promotions-sorted-by-score-mlb-B&reco_backend_type=low_level&reco_client=seller-promotions&reco_id=4b6583f2-b7d5-4d2d-b4e4-aa64f7825351&deal_print_id=cc49244f-973a-4c88-8550-0f60d82a9b52&model_version=recommendations/prueba-promotions-MLB__3552__KAKUY&promotion_type=DEAL_OF_THE_DAY
1,Samsung Galaxy M21s Dual Sim 64 Gb Preto 4 Gb Ram,R$ 1.381,R$ 1.324,https://produto.mercadolivre.com.br/MLB-1772063061-samsung-galaxy-m21s-dual-sim-64-gb-preto-4-gb-ram-_JM?hide_psmb=true#reco_item_pos=1&reco_backend=promotions-sorted-by-score-mlb-B&reco_backend_type=low_level&reco_client=seller-promotions&reco_id=4b6583f2-b7d5-4d2d-b4e4-aa64f7825351&deal_print_id=cc49244f-973a-4c88-8550-0f60d82a9b52&model_version=recommendations/prueba-promotions-MLB__3552__KAKUY&promotion_type=DEAL_OF_THE_DAY
2,Tablet  Samsung Galaxy Tab A 2019 Sm-t295 8  32gb Black Com 2gb De Memória Ram,R$ 1.149,R$ 999,https://produto.mercadolivre.com.br/MLB-1738348205-tablet-samsung-galaxy-tab-a-2019-sm-t295-8-32gb-black-com-2gb-de-memoria-ram-_JM?hide_psmb=true#reco_item_pos=2&reco_backend=promotions-sorted-by-score-mlb-B&reco_backend_type=low_level&reco_client=seller-promotions&reco_id=4b6583f2-b7d5-4d2d-b4e4-aa64f7825351&deal_print_id=cc49244f-973a-4c88-8550-0f60d82a9b52&model_version=recommendations/prueba-promotions-MLB__3552__KAKUY&promotion_type=DEAL_OF_THE_DAY
3,LG K71 Dual Sim 128 Gb White 4 Gb Ram,R$ 1.670,R$ 1.399,https://produto.mercadolivre.com.br/MLB-1924054808-lg-k71-dual-sim-128-gb-white-4-gb-ram-_JM?hide_psmb=true#reco_item_pos=3&reco_backend=promotions-sorted-by-score-mlb-B&reco_backend_type=low_level&reco_client=seller-promotions&reco_id=4b6583f2-b7d5-4d2d-b4e4-aa64f7825351&deal_print_id=cc49244f-973a-4c88-8550-0f60d82a9b52&model_version=recommendations/prueba-promotions-MLB__3552__KAKUY&promotion_type=DEAL_OF_THE_DAY
4,Fritadeira Elétrica Sem Óleo Agratto Silver 2.5l Preta,R$ 329,R$ 23990,https://produto.mercadolivre.com.br/MLB-1835148441-fritadeira-eletrica-sem-oleo-agratto-silver-25l-preta-_JM?variation=79761942034&hide_psmb=true#reco_item_pos=4&reco_backend=promotions-sorted-by-score-mlb-B&reco_backend_type=low_level&reco_client=seller-promotions&reco_id=4b6583f2-b7d5-4d2d-b4e4-aa64f7825351&deal_print_id=cc49244f-973a-4c88-8550-0f60d82a9b52&model_version=recommendations/prueba-promotions-MLB__3552__KAKUY&promotion_type=DEAL_OF_THE_DAY
5,Smartphone Motorola Moto E7 Tl 6.5 32gb 2gb Ram Aquamarine,R$ 899,R$ 859,https://produto.mercadolivre.com.br/MLB-1774669839-smartphone-motorola-moto-e7-tl-65-32gb-2gb-ram-aquamarine-_JM?variation=73856582842&hide_psmb=true#reco_item_pos=5&reco_backend=promotions-sorted-by-score-mlb-B&reco_backend_type=low_level&reco_client=seller-promotions&reco_id=4b6583f2-b7d5-4d2d-b4e4-aa64f7825351&deal_print_id=cc49244f-973a-4c88-8550-0f60d82a9b52&model_version=recommendations/prueba-promotions-MLB__3552__KAKUY&promotion_type=DEAL_OF_THE_DAY
6,Cerveja Colorado Appia Garrafa 600ml,R$ 12,R$ 649,https://produto.mercadolivre.com.br/MLB-1881361118-cerveja-colorado-appia-garrafa-600ml-_JM?hide_psmb=true#reco_item_pos=6&reco_backend=promotions-sorted-by-score-mlb-B&reco_backend_type=low_level&reco_client=seller-promotions&reco_id=4b6583f2-b7d5-4d2d-b4e4-aa64f7825351&deal_print_id=cc49244f-973a-4c88-8550-0f60d82a9b52&model_version=recommendations/prueba-promotions-MLB__3552__KAKUY&promotion_type=TODAY_PROMOTION
7,Aquecedor Portátil Elétrico Comfort Air 800w A-09 Mondial,R$ 219,R$ 19791,https://produto.mercadolivre.com.br/MLB-1571975278-aquecedor-portatil-eletrico-comfort-air-800w-a-09-mondial-_JM?variation=58738613889&hide_psmb=true#reco_item_pos=7&reco_backend=promotions-sorted-by-score-mlb-B&reco_backend_type=low_level&reco_client=seller-promotions&reco_id=4b6583f2-b7d5-4d2d-b4e4-aa64f7825351&deal_print_id=cc49244f-973a-4c88-8550-0f60d82a9b52&model_version=recommendations/prueba-promotions-MLB__3552__KAKUY&promotion_type=TODAY_PROMOTION
8,Mop Giratório Fit Balde 8 Litros Mop5010 Flash Limp,R$ 84,R$ 6250,https://produto.mercadolivre.com.br/MLB-1821599100-mop-giratorio-fit-balde-8-litros-mop5010-flash-limp-_JM?variation=78604410589&hide_psmb=true#reco_item_pos=8&reco_backend=promotions-sorted-by-score-mlb-B&reco_backend_type=low_level&reco_client=seller-promotions&reco_id=4b6583f2-b7d5-4d2d-b4e4-aa64f7825351&deal_print_id=cc49244f-973a-4c88-8550-0f60d82a9b52&model_version=recommendations/prueba-promotions-MLB__3552__KAKUY&promotion_type=TODAY_PROMOTION
9,52 Peças Popit Bubble Fidget Sensorial Brinquedos Sensoriais,R$ 196,R$ 12699,https://produto.mercadolivre.com.br/MLB-1870995603-52-pecas-popit-bubble-fidget-sensorial-brinquedos-sensoriais-_JM?variation=90748957186&hide_psmb=true#reco_item_pos=9&reco_backend=promotions-sorted-by-score-mlb-B&reco_backend_type=low_level&reco_client=seller-promotions&reco_id=4b6583f2-b7d5-4d2d-b4e4-aa64f7825351&deal_print_id=cc49244f-973a-4c88-8550-0f60d82a9b52&model_version=recommendations/prueba-promotions-MLB__3552__KAKUY&promotion_type=TODAY_PROMOTION
10,Disco Sólido Interno Kingston Sa400s37/240g 240gb,,R$ 246,https://produto.mercadolivre.com.br/MLB-1940799519-disco-solido-interno-kingston-sa400s37240g-240gb-_JM?hide_psmb=true#reco_item_pos=10&reco_backend=promotions-sorted-by-score-mlb-B&reco_backend_type=low_level&reco_client=seller-promotions&reco_id=4b6583f2-b7d5-4d2d-b4e4-aa64f7825351&deal_print_id=cc49244f-973a-4c88-8550-0f60d82a9b52&model_version=recommendations/prueba-promotions-MLB__3552__KAKUY&promotion_type=BUY_BOX_WINNER
11,Kit 200 Máscara Caixa Descartável Tripla C/ Filtro Meltblown,R$ 62,R$ 5732,https://produto.mercadolivre.com.br/MLB-1796946223-kit-200-mascara-caixa-descartavel-tripla-c-filtro-meltblown-_JM?variation=76248617636&hide_psmb=true#reco_item_pos=11&reco_backend=promotions-sorted-by-score-mlb-B&reco_backend_type=low_level&reco_client=seller-promotions&reco_id=4b6583f2-b7d5-4d2d-b4e4-aa64f7825351&deal_print_id=cc49244f-973a-4c88-8550-0f60d82a9b52&model_version=recommendations/prueba-promotions-MLB__3552__KAKUY&promotion_type=TODAY_PROMOTION
12,Lava-louças Detergente Finish Powerball All In One Max,R$ 18,R$ 1070,https://produto.mercadolivre.com.br/MLB-1540380581-lava-loucas-detergente-finish-powerball-all-in-one-max-_JM?hide_psmb=true#reco_item_pos=12&reco_backend=promotions-sorted-by-score-mlb-B&reco_backend_type=low_level&reco_client=seller-promotions&reco_id=4b6583f2-b7d5-4d2d-b4e4-aa64f7825351&deal_print_id=cc49244f-973a-4c88-8550-0f60d82a9b52&model_version=recommendations/prueba-promotions-MLB__3552__KAKUY&promotion_type=TODAY_PROMOTION
13,"Tapete 2,00 X 1,50 Peludo Felpudo 40mm Sala  Luxo",R$ 119,R$ 10191,https://produto.mercadolivre.com.br/MLB-1171991717-tapete-200-x-150-peludo-felpudo-40mm-sala-luxo-_JM?variation=77469461537&hide_psmb=true#reco_item_pos=13&reco_backend=promotions-sorted-by-score-mlb-B&reco_backend_type=low_level&reco_client=seller-promotions&reco_id=4b6583f2-b7d5-4d2d-b4e4-aa64f7825351&deal_print_id=cc49244f-973a-4c88-8550-0f60d82a9b52&model_version=recommendations/prueba-promotions-MLB__3552__KAKUY&promotion_type=TODAY_PROMOTION
14,Cadeira De Escritório Trevalla Tl-cde-26-1  Preta Com Estofado Do Mesh,R$ 399,R$ 259,https://produto.mercadolivre.com.br/MLB-1639830855-cadeira-de-escritorio-trevalla-tl-cde-26-1-preta-com-estofado-do-mesh-_JM?hide_psmb=true#reco_item_pos=14&reco_backend=promotions-sorted-by-score-mlb-B&reco_backend_type=low_level&reco_client=seller-promotions&reco_id=4b6583f2-b7d5-4d2d-b4e4-aa64f7825351&deal_print_id=cc49244f-973a-4c88-8550-0f60d82a9b52&model_version=recommendations/prueba-promotions-MLB__3552__KAKUY&promotion_type=TODAY_PROMOTION
15,Smartphone Motorola Moto G 5g Tl 6.7 128gb 6gb Ram Pt Prisma,R$ 1.999,R$ 1.899,https://produto.mercadolivre.com.br/MLB-1774672266-smartphone-motorola-moto-g-5g-tl-67-128gb-6gb-ram-pt-prisma-_JM?variation=73856599301&hide_psmb=true#reco_item_pos=15&reco_backend=promotions-sorted-by-score-mlb-B&reco_backend_type=low_level&reco_client=seller-promotions&reco_id=4b6583f2-b7d5-4d2d-b4e4-aa64f7825351&deal_print_id=cc49244f-973a-4c88-8550-0f60d82a9b52&model_version=recommendations/prueba-promotions-MLB__3552__KAKUY&promotion_type=DEAL_OF_THE_DAY
16,Cerveja Patagonia Amber Lager Lata 473ml,R$ 7,R$ 399,https://produto.mercadolivre.com.br/MLB-1881349290-cerveja-patagonia-amber-lager-lata-473ml-_JM?hide_psmb=true#reco_item_pos=16&reco_backend=promotions-sorted-by-score-mlb-B&reco_backend_type=low_level&reco_client=seller-promotions&reco_id=4b6583f2-b7d5-4d2d-b4e4-aa64f7825351&deal_print_id=cc49244f-973a-4c88-8550-0f60d82a9b52&model_version=recommendations/prueba-promotions-MLB__3552__KAKUY&promotion_type=TODAY_PROMOTION
17,Fraldas Pampers Premium Care M 80 U,R$ 89,R$ 6990,https://produto.mercadolivre.com.br/MLB-1807880310-fraldas-pampers-premium-care-m-80-u-_JM?hide_psmb=true#reco_item_pos=17&reco_backend=promotions-sorted-by-score-mlb-B&reco_backend_type=low_level&reco_client=seller-promotions&reco_id=4b6583f2-b7d5-4d2d-b4e4-aa64f7825351&deal_print_id=cc49244f-973a-4c88-8550-0f60d82a9b52&model_version=recommendations/prueba-promotions-MLB__3552__KAKUY&promotion_type=BUY_BOX_WINNER
18,Lavadora De Alta Pressão Kärcher K2 Portable Black De 1200w Com 1600psi De Pressão Máxima 127v,R$ 459,R$ 42310,https://produto.mercadolivre.com.br/MLB-1891035355-lavadora-de-alta-presso-krcher-k2-portable-black-de-1200w-com-1600psi-de-presso-maxima-127v-_JM?hide_psmb=true#reco_item_pos=18&reco_backend=promotions-sorted-by-score-mlb-B&reco_backend_type=low_level&reco_client=seller-promotions&reco_id=4b6583f2-b7d5-4d2d-b4e4-aa64f7825351&deal_print_id=cc49244f-973a-4c88-8550-0f60d82a9b52&model_version=recommendations/prueba-promotions-MLB__3552__KAKUY&promotion_type=DEAL_OF_THE_DAY
19,Lousa Quadro Branco Mold Aluminio 80x60 Apagador  5 Marcador,R$ 78,R$ 6316,https://produto.mercadolivre.com.br/MLB-1499528110-lousa-quadro-branco-mold-aluminio-80x60-apagador-5-marcador-_JM?hide_psmb=true#reco_item_pos=19&reco_backend=promotions-sorted-by-score-mlb-B&reco_backend_type=low_level&reco_client=seller-promotions&reco_id=4b6583f2-b7d5-4d2d-b4e4-aa64f7825351&deal_print_id=cc49244f-973a-4c88-8550-0f60d82a9b52&model_version=recommendations/prueba-promotions-MLB__3552__KAKUY&promotion_type=LIGHTNING_DEAL
20,Kit Cuecas Box Boxer 10 Peças Original Atacado Revenda,R$ 99,R$ 8991,https://produto.mercadolivre.com.br/MLB-1021963665-kit-cuecas-box-boxer-10-pecas-original-atacado-revenda-_JM?hide_psmb=true#reco_item_pos=20&reco_backend=promotions-sorted-by-score-mlb-B&reco_backend_type=low_level&reco_client=seller-promotions&reco_id=4b6583f2-b7d5-4d2d-b4e4-aa64f7825351&deal_print_id=cc49244f-973a-4c88-8550-0f60d82a9b52&model_version=recommendations/prueba-promotions-MLB__3552__KAKUY&promotion_type=DEAL_OF_THE_DAY
21," Tapete 2,00x2,50 Costa Oro Shaggy Mega Promoção Peludo",R$ 219,R$ 18252,https://produto.mercadolivre.com.br/MLB-1558026140-tapete-200x250-costa-oro-shaggy-mega-promoco-peludo-_JM?hide_psmb=true#reco_item_pos=21&reco_backend=promotions-sorted-by-score-mlb-B&reco_backend_type=low_level&reco_client=seller-promotions&reco_id=4b6583f2-b7d5-4d2d-b4e4-aa64f7825351&deal_print_id=cc49244f-973a-4c88-8550-0f60d82a9b52&model_version=recommendations/prueba-promotions-MLB__3552__KAKUY&promotion_type=DEAL_OF_THE_DAY
22,Cerveja Goose Island Midway Session Ipa 355ml,R$ 9,R$ 499,https://produto.mercadolivre.com.br/MLB-1881350232-cerveja-goose-island-midway-session-ipa-355ml-_JM?hide_psmb=true#reco_item_pos=22&reco_backend=promotions-sorted-by-score-mlb-B&reco_backend_type=low_level&reco_client=seller-promotions&reco_id=4b6583f2-b7d5-4d2d-b4e4-aa64f7825351&deal_print_id=cc49244f-973a-4c88-8550-0f60d82a9b52&model_version=recommendations/prueba-promotions-MLB__3552__KAKUY&promotion_type=TODAY_PROMOTION
23,Kit 10 Lâmpada Led 9w Bulbo Soquete E27 Bivolt Casa Comércio,R$ 54,R$ 4932,https://produto.mercadolivre.com.br/MLB-1310064633-kit-10-lmpada-led-9w-bulbo-soquete-e27-bivolt-casa-comercio-_JM?variation=48977051147&hide_psmb=true#reco_item_pos=23&reco_backend=promotions-sorted-by-score-mlb-B&reco_backend_type=low_level&reco_client=seller-promotions&reco_id=4b6583f2-b7d5-4d2d-b4e4-aa64f7825351&deal_print_id=cc49244f-973a-4c88-8550-0f60d82a9b52&model_version=recommendations/prueba-promotions-MLB__3552__KAKUY&promotion_type=DEAL_OF_THE_DAY
24,Disco Sólido Interno Kingston Sa400s37/480g 480gb Preto,,R$ 369,https://produto.mercadolivre.com.br/MLB-1903953308-disco-solido-interno-kingston-sa400s37480g-480gb-preto-_JM?hide_psmb=true#reco_item_pos=24&reco_backend=promotions-sorted-by-score-mlb-B&reco_backend_type=low_level&reco_client=seller-promotions&reco_id=4b6583f2-b7d5-4d2d-b4e4-aa64f7825351&deal_print_id=cc49244f-973a-4c88-8550-0f60d82a9b52&model_version=recommendations/prueba-promotions-MLB__3552__KAKUY&promotion_type=BUY_BOX_WINNER
25,Ssd 120 Gb Goldenfir - Excelente Velocidade Comprovada ,R$ 199,R$ 18109,https://produto.mercadolivre.com.br/MLB-1628942380-ssd-120-gb-goldenfir-excelente-velocidade-comprovada-_JM?variation=78713395098&hide_psmb=true#reco_item_pos=25&reco_backend=promotions-sorted-by-score-mlb-B&reco_backend_type=low_level&reco_client=seller-promotions&reco_id=4b6583f2-b7d5-4d2d-b4e4-aa64f7825351&deal_print_id=cc49244f-973a-4c88-8550-0f60d82a9b52&model_version=recommendations/prueba-promotions-MLB__3552__KAKUY&promotion_type=DEAL_OF_THE_DAY
26,Cerveja Americana Goose Island Ipa Garrafa 355ml Importada,R$ 11,R$ 599,https://produto.mercadolivre.com.br/MLB-1881366433-cerveja-americana-goose-island-ipa-garrafa-355ml-importada-_JM?hide_psmb=true#reco_item_pos=26&reco_backend=promotions-sorted-by-score-mlb-B&reco_backend_type=low_level&reco_client=seller-promotions&reco_id=4b6583f2-b7d5-4d2d-b4e4-aa64f7825351&deal_print_id=cc49244f-973a-4c88-8550-0f60d82a9b52&model_version=recommendations/prueba-promotions-MLB__3552__KAKUY&promotion_type=TODAY_PROMOTION
27,Johnson's Baby Toalhinhas Limpeza E Suavidade 44 Unidades,R$ 8,R$ 7,https://produto.mercadolivre.com.br/MLB-1272209868-johnsons-baby-toalhinhas-limpeza-e-suavidade-44-unidades-_JM?hide_psmb=true#reco_item_pos=27&reco_backend=promotions-sorted-by-score-mlb-B&reco_backend_type=low_level&reco_client=seller-promotions&reco_id=4b6583f2-b7d5-4d2d-b4e4-aa64f7825351&deal_print_id=cc49244f-973a-4c88-8550-0f60d82a9b52&model_version=recommendations/prueba-promotions-MLB__3552__KAKUY&promotion_type=LIGHTNING_DEAL
28,Calça Moletom Feminina Jogger Cós Alto Bolso Lateral,R$ 59,R$ 5391,https://produto.mercadolivre.com.br/MLB-1905475176-calca-moletom-feminina-jogger-cos-alto-bolso-lateral-_JM?hide_psmb=true#reco_item_pos=28&reco_backend=promotions-sorted-by-score-mlb-B&reco_backend_type=low_level&reco_client=seller-promotions&reco_id=4b6583f2-b7d5-4d2d-b4e4-aa64f7825351&deal_print_id=cc49244f-973a-4c88-8550-0f60d82a9b52&model_version=recommendations/prueba-promotions-MLB__3552__KAKUY&promotion_type=TODAY_PROMOTION
29,LG K52 (13 Mpx) Dual Sim 64 Gb Gray 3 Gb Ram,,R$ 981,https://produto.mercadolivre.com.br/MLB-1808435812-lg-k52-13-mpx-dual-sim-64-gb-gray-3-gb-ram-_JM?hide_psmb=true#reco_item_pos=29&reco_backend=promotions-sorted-by-score-mlb-B&reco_backend_type=low_level&reco_client=seller-promotions&reco_id=4b6583f2-b7d5-4d2d-b4e4-aa64f7825351&deal_print_id=cc49244f-973a-4c88-8550-0f60d82a9b52&model_version=recommendations/prueba-promotions-MLB__3552__KAKUY&promotion_type=TODAY_PROMOTION
30,Alto-falante Tedge Tk-86 Portátil Com Bluetooth Preto 110v/220v ,R$ 199,R$ 170,https://produto.mercadolivre.com.br/MLB-1873405652-alto-falante-tedge-tk-86-portatil-com-bluetooth-preto-110v220v-_JM?hide_psmb=true#reco_item_pos=30&reco_backend=promotions-sorted-by-score-mlb-B&reco_backend_type=low_level&reco_client=seller-promotions&reco_id=4b6583f2-b7d5-4d2d-b4e4-aa64f7825351&deal_print_id=cc49244f-973a-4c88-8550-0f60d82a9b52&model_version=recommendations/prueba-promotions-MLB__3552__KAKUY&promotion_type=DEAL_OF_THE_DAY
31,Cerveja Irlandesa Guinness Draught Lata 440ml,R$ 19,R$ 1399,https://produto.mercadolivre.com.br/MLB-1903251451-cerveja-irlandesa-guinness-draught-lata-440ml-_JM?hide_psmb=true#reco_item_pos=31&reco_backend=promotions-sorted-by-score-mlb-B&reco_backend_type=low_level&reco_client=seller-promotions&reco_id=4b6583f2-b7d5-4d2d-b4e4-aa64f7825351&deal_print_id=cc49244f-973a-4c88-8550-0f60d82a9b52&model_version=recommendations/prueba-promotions-MLB__3552__KAKUY&promotion_type=TODAY_PROMOTION
32,Multigroomer Mondial Super Groom Bg-03 5810-01  Preto 110v/220v,R$ 149,R$ 13261,https://produto.mercadolivre.com.br/MLB-1788584665-multigroomer-mondial-super-groom-bg-03-5810-01-preto-110v220v-_JM?hide_psmb=true#reco_item_pos=32&reco_backend=promotions-sorted-by-score-mlb-B&reco_backend_type=low_level&reco_client=seller-promotions&reco_id=4b6583f2-b7d5-4d2d-b4e4-aa64f7825351&deal_print_id=cc49244f-973a-4c88-8550-0f60d82a9b52&model_version=recommendations/prueba-promotions-MLB__3552__KAKUY&promotion_type=TODAY_PROMOTION
33,Som Automotivo Multilaser Trip P3350 Com Usb E Bluetooth,R$ 149,R$ 9490,https://produto.mercadolivre.com.br/MLB-1604614268-som-automotivo-multilaser-trip-p3350-com-usb-e-bluetooth-_JM?hide_psmb=true#reco_item_pos=33&reco_backend=promotions-sorted-by-score-mlb-B&reco_backend_type=low_level&reco_client=seller-promotions&reco_id=4b6583f2-b7d5-4d2d-b4e4-aa64f7825351&deal_print_id=cc49244f-973a-4c88-8550-0f60d82a9b52&model_version=recommendations/prueba-promotions-MLB__3552__KAKUY&promotion_type=BUY_BOX_WINNER
34,Kit 5 Camisetas Manga Longa Swag - Tecido Dura Line®,R$ 169,R$ 14365,https://produto.mercadolivre.com.br/MLB-1179329663-kit-5-camisetas-manga-longa-swag-tecido-dura-line-_JM?hide_psmb=true#reco_item_pos=34&reco_backend=promotions-sorted-by-score-mlb-B&reco_backend_type=low_level&reco_client=seller-promotions&reco_id=4b6583f2-b7d5-4d2d-b4e4-aa64f7825351&deal_print_id=cc49244f-973a-4c88-8550-0f60d82a9b52&model_version=recommendations/prueba-promotions-MLB__3552__KAKUY&promotion_type=DEAL_OF_THE_DAY
35,"Camera Gopro Hero9 Black, 5k,à Prova D'agua, Nova C/garantia",R$ 3.148,R$ 2.999,https://produto.mercadolivre.com.br/MLB-1821825232-camera-gopro-hero9-black-5k-prova-dagua-nova-cgarantia-_JM?variation=78625122164&hide_psmb=true#reco_item_pos=35&reco_backend=promotions-sorted-by-score-mlb-B&reco_backend_type=low_level&reco_client=seller-promotions&reco_id=4b6583f2-b7d5-4d2d-b4e4-aa64f7825351&deal_print_id=cc49244f-973a-4c88-8550-0f60d82a9b52&model_version=recommendations/prueba-promotions-MLB__3552__KAKUY&promotion_type=DEAL_OF_THE_DAY
36,Cerveja Patagonia Amber Lager Garrafa 740ml,R$ 15,R$ 799,https://produto.mercadolivre.com.br/MLB-1881360450-cerveja-patagonia-amber-lager-garrafa-740ml-_JM?hide_psmb=true#reco_item_pos=36&reco_backend=promotions-sorted-by-score-mlb-B&reco_backend_type=low_level&reco_client=seller-promotions&reco_id=4b6583f2-b7d5-4d2d-b4e4-aa64f7825351&deal_print_id=cc49244f-973a-4c88-8550-0f60d82a9b52&model_version=recommendations/prueba-promotions-MLB__3552__KAKUY&promotion_type=TODAY_PROMOTION
37,Aquecedor De Parede Digital Oster Com Controle Remoto,R$ 449,R$ 42655,https://produto.mercadolivre.com.br/MLB-1848218020-aquecedor-de-parede-digital-oster-com-controle-remoto-_JM?hide_psmb=true#reco_item_pos=37&reco_backend=promotions-sorted-by-score-mlb-B&reco_backend_type=low_level&reco_client=seller-promotions&reco_id=4b6583f2-b7d5-4d2d-b4e4-aa64f7825351&deal_print_id=cc49244f-973a-4c88-8550-0f60d82a9b52&model_version=recommendations/prueba-promotions-MLB__3552__KAKUY&promotion_type=DEAL_OF_THE_DAY
38,Papel Sulfite Report Premium A4 75g 500 Folhas,R$ 25,R$ 2150,https://produto.mercadolivre.com.br/MLB-1758030179-papel-sulfite-report-premium-a4-75g-500-folhas-_JM?variation=72436032704&hide_psmb=true#reco_item_pos=38&reco_backend=promotions-sorted-by-score-mlb-B&reco_backend_type=low_level&reco_client=seller-promotions&reco_id=4b6583f2-b7d5-4d2d-b4e4-aa64f7825351&deal_print_id=cc49244f-973a-4c88-8550-0f60d82a9b52&model_version=recommendations/prueba-promotions-MLB__3552__KAKUY&promotion_type=TODAY_PROMOTION
39,Kit 5 Spot Led Embutir Direcionável Luminaria Cozinha Quarto,R$ 49,R$ 4508,https://produto.mercadolivre.com.br/MLB-1827178033-kit-5-spot-led-embutir-direcionavel-luminaria-cozinha-quarto-_JM?hide_psmb=true#reco_item_pos=39&reco_backend=promotions-sorted-by-score-mlb-B&reco_backend_type=low_level&reco_client=seller-promotions&reco_id=4b6583f2-b7d5-4d2d-b4e4-aa64f7825351&deal_print_id=cc49244f-973a-4c88-8550-0f60d82a9b52&model_version=recommendations/prueba-promotions-MLB__3552__KAKUY&promotion_type=DEAL_OF_THE_DAY
40,4 Calças Jeans Feminina Cintura Alta Com Lycla Melhor Preço,R$ 179,R$ 16191,https://produto.mercadolivre.com.br/MLB-1351093737-4-calcas-jeans-feminina-cintura-alta-com-lycla-melhor-preco-_JM?hide_psmb=true#reco_item_pos=40&reco_backend=promotions-sorted-by-score-mlb-B&reco_backend_type=low_level&reco_client=seller-promotions&reco_id=4b6583f2-b7d5-4d2d-b4e4-aa64f7825351&deal_print_id=cc49244f-973a-4c88-8550-0f60d82a9b52&model_version=recommendations/prueba-promotions-MLB__3552__KAKUY&promotion_type=TODAY_PROMOTION
41,Nebulizador Sem Fio De Rede Glenmark Nebzmart Branco,R$ 225,R$ 173,https://produto.mercadolivre.com.br/MLB-1474552654-nebulizador-sem-fio-de-rede-glenmark-nebzmart-branco-_JM?hide_psmb=true#reco_item_pos=41&reco_backend=promotions-sorted-by-score-mlb-B&reco_backend_type=low_level&reco_client=seller-promotions&reco_id=4b6583f2-b7d5-4d2d-b4e4-aa64f7825351&deal_print_id=cc49244f-973a-4c88-8550-0f60d82a9b52&model_version=recommendations/prueba-promotions-MLB__3552__KAKUY&promotion_type=BUY_BOX_WINNER
42,Cerveja Lagunitas Ipa Garrafa 355ml,R$ 9,R$ 699,https://produto.mercadolivre.com.br/MLB-1881359370-cerveja-lagunitas-ipa-garrafa-355ml-_JM?hide_psmb=true#reco_item_pos=42&reco_backend=promotions-sorted-by-score-mlb-B&reco_backend_type=low_level&reco_client=seller-promotions&reco_id=4b6583f2-b7d5-4d2d-b4e4-aa64f7825351&deal_print_id=cc49244f-973a-4c88-8550-0f60d82a9b52&model_version=recommendations/prueba-promotions-MLB__3552__KAKUY&promotion_type=TODAY_PROMOTION
43,Kit Bota Adventure Caterpillar +chinelo Carteira Cinto Brind,R$ 149,R$ 12741,https://produto.mercadolivre.com.br/MLB-1794520623-kit-bota-adventure-caterpillar-chinelo-carteira-cinto-brind-_JM?hide_psmb=true#reco_item_pos=43&reco_backend=promotions-sorted-by-score-mlb-B&reco_backend_type=low_level&reco_client=seller-promotions&reco_id=4b6583f2-b7d5-4d2d-b4e4-aa64f7825351&deal_print_id=cc49244f-973a-4c88-8550-0f60d82a9b52&model_version=recommendations/prueba-promotions-MLB__3552__KAKUY&promotion_type=TODAY_PROMOTION
44,Jogo Panelas Tramontina 12 Peças Antiaderente Alumínio,R$ 379,R$ 309,https://produto.mercadolivre.com.br/MLB-1194229288-jogo-panelas-tramontina-12-pecas-antiaderente-aluminio-_JM?variation=38700987037&hide_psmb=true#reco_item_pos=44&reco_backend=promotions-sorted-by-score-mlb-B&reco_backend_type=low_level&reco_client=seller-promotions&reco_id=4b6583f2-b7d5-4d2d-b4e4-aa64f7825351&deal_print_id=cc49244f-973a-4c88-8550-0f60d82a9b52&model_version=recommendations/prueba-promotions-MLB__3552__KAKUY&promotion_type=TODAY_PROMOTION
45,Azeite De Oliva Extra Virgem Clássico Português Gallo 500ml,R$ 22,R$ 2024,https://produto.mercadolivre.com.br/MLB-1885101242-azeite-de-oliva-extra-virgem-classico-portugus-gallo-500ml-_JM?hide_psmb=true#reco_item_pos=45&reco_backend=promotions-sorted-by-score-mlb-B&reco_backend_type=low_level&reco_client=seller-promotions&reco_id=4b6583f2-b7d5-4d2d-b4e4-aa64f7825351&deal_print_id=cc49244f-973a-4c88-8550-0f60d82a9b52&model_version=recommendations/prueba-promotions-MLB__3552__KAKUY&promotion_type=TODAY_PROMOTION
46,Fidget Toys Hand Spinner Anti Stress Pop It Bolha Colorido,R$ 42,R$ 3774,https://produto.mercadolivre.com.br/MLB-1919567042-fidget-toys-hand-spinner-anti-stress-pop-it-bolha-colorido-_JM?variation=89421636191&hide_psmb=true#reco_item_pos=46&reco_backend=promotions-sorted-by-score-mlb-B&reco_backend_type=low_level&reco_client=seller-promotions&reco_id=4b6583f2-b7d5-4d2d-b4e4-aa64f7825351&deal_print_id=cc49244f-973a-4c88-8550-0f60d82a9b52&model_version=recommendations/prueba-promotions-MLB__3552__KAKUY&promotion_type=TODAY_PROMOTION
47,Máscara 3m Aura 9320+br Pff2 N95 Respirador S/ Válvula 1 Un,R$ 37,R$ 2738,https://produto.mercadolivre.com.br/MLB-1522045465-mascara-3m-aura-9320br-pff2-n95-respirador-s-valvula-1-un-_JM?hide_psmb=true#reco_item_pos=47&reco_backend=promotions-sorted-by-score-mlb-B&reco_backend_type=low_level&reco_client=seller-promotions&reco_id=4b6583f2-b7d5-4d2d-b4e4-aa64f7825351&deal_print_id=cc49244f-973a-4c88-8550-0f60d82a9b52&model_version=recommendations/prueba-promotions-MLB__3552__KAKUY&promotion_type=TODAY_PROMOTION
